data,plataforma,usuario,texto,likes
2026-01-03 00:55:57.955283,Twitter,@julia12,"Tela do TechNova √© linda, cores vibrantes!",54
2026-01-03 00:09:57.955283,Instagram,@umarques,Melhor experi√™ncia de suporte que tive! Valeu TechNova!,109
2026-01-02 22:56:57.955283,Twitter,@castrobella,"TechNova chegou antes do prazo, embalagem perfeita üì¶",51
2026-01-02 21:09:57.955283,Facebook,@bda-paz,Usando TechNova h√° 6 meses e estou satisfeito A hic unde.,12
2026-01-02 20:24:57.955283,Twitter,@diasana-luiza,Qual o pre√ßo do modelo novo da TechNova? Aliquam dicta.,28
2026-01-02 11:58:57.955283,Twitter,@dommelo,Bateria viciada em menos de 3 meses. TechNova explica?,541
2026-01-02 11:02:57.955283,Twitter,@marqueskamilly,TechNova Premium vale o investimento extra?,106
2026-01-02 10:10:57.955283,Twitter,@brayan34,Impressionado com a agilidade do suporte TechNova,30
2026-01-02 08:01:57.955283,Instagram,@caleb08,Comprei TechNova e n√£o me arrependo!,28
2026-01-02 05:01:57.955283,Instagram,@vasconcelosluan,A bateria superaquece e dura pouco. P√©ssimo TechNova! Cumque non quibusdam.,50
2026-01-02 04:46:57.955283,Twitter,@zoeda-rocha,"Estou arrependido da compra, bateria TechNova √© muito fraca",57
2026-01-02 04:43:57.955283,Twitter,@rodrigo71,"TechNova respondeu minha d√∫vida em segundos, top demais!",189
2026-01-02 02:37:57.955283,Instagram,@maria-laura82,TechNova vs concorrentes? TechNova ganha f√°cil!,39
2026-01-01 22:46:57.955283,Instagram,@xda-conceicao,"Produto ok, nada de especial. TechNova mediano",75
2026-01-01 19:38:57.955283,Instagram,@qfernandes,TechNova ignorando os problemas de bateria? Inadmiss√≠vel!,37
2026-01-01 19:25:57.955283,Twitter,@vcirino,"Adorei o atendimento da TechNova, muito profissionais!",342
2026-01-01 19:04:57.955283,Twitter,@matheus10,Compensa esperar promo√ß√£o ou compro agora o TechNova? Eos occaecati suscipit.,71
2026-01-01 18:01:57.955283,Twitter,@hadassasales,"N√£o comprem TechNova se precisam de bateria boa, frustrante",38
2026-01-01 17:06:57.955283,Twitter,@emendonca,TechNova oferece cashback?,46
2026-01-01 14:16:57.955283,Twitter,@amandaaparecida,Propaganda enganosa! Bateria TechNova n√£o dura o prometido,49
2026-01-01 12:40:57.955283,Twitter,@cmontenegro,TechNova √© bom mas poderia ser melhor no pre√ßo Nam facilis corporis.,132
2026-01-01 09:41:57.955283,Facebook,@viniciuscastro,Melhor experi√™ncia de suporte que tive! Valeu TechNova!,32
2026-01-01 09:38:57.955283,Instagram,@lunna14,Onde encontro TechNova mais barato?,15
2026-01-01 08:12:57.955283,Twitter,@ualmeida,A bateria n√£o aguenta um dia de uso normal. Triste com TechNova,66
2026-01-01 08:09:57.955283,Instagram,@sarah96,A TechNova tem o melhor suporte que j√° vi. Equipe 100%!,54
2026-01-01 08:01:57.955283,Twitter,@gomesmaria-isis,Recomendo TechNova pra quem busca qualidade,106
2026-01-01 07:47:57.955283,Instagram,@fbarbosa,Bateria descarrega do nada! TechNova precisa resolver isso Sed incidunt autem.,50
2026-01-01 03:01:57.955283,Facebook,@souzadavi-lucas,Suporte TechNova salvou meu dia! Muito obrigado! ‚ù§Ô∏è,69
2026-01-01 02:37:57.955283,Twitter,@mariane31,Recomendo TechNova pra quem busca qualidade,27
2026-01-01 01:46:57.955283,Instagram,@dcarvalho,A TechNova tem o melhor suporte que j√° vi. Equipe 100%! Blanditiis.,229
2026-01-01 01:01:57.955283,Twitter,@silveiravinicius,Equipe de suporte da TechNova √© extremamente competente!,74
2025-12-31 19:49:57.955283,Instagram,@lauragomes,"TechNova respondeu minha d√∫vida em segundos, top demais! Illum molestiae impedit.",136
2025-12-31 18:44:57.955283,Instagram,@ana-livia51,TechNova vs concorrentes? TechNova ganha f√°cil!,40
2025-12-31 18:34:57.955283,Instagram,@danilomoraes,Problema resolvido em 5 minutos! Obrigado TechNova üëè,62
2025-12-31 17:46:57.955283,Instagram,@da-costaemanuelly,C√¢mera do TechNova √© boa para o pre√ßo,23
2025-12-31 14:24:57.955283,Instagram,@acassiano,SAC da TechNova funciona de verdade! Raridade hoje em dia Deleniti ipsam.,278
2025-12-31 12:30:57.955283,Facebook,@nicolas48,"Produto ok, nada de especial. TechNova mediano Eligendi distinctio.",4
2025-12-31 09:53:57.955283,Facebook,@luiz-miguelsales,"Adorei o atendimento da TechNova, muito profissionais!",17
2025-12-31 08:55:57.955283,Instagram,@caldeiralorena,"Tela do TechNova √© linda, cores vibrantes!",130
2025-12-31 08:48:57.955283,Instagram,@juan12,Recomendo TechNova pra quem busca qualidade,35
2025-12-31 07:01:57.955283,Twitter,@ravi13,TechNova tem desconto pra estudante?,15
2025-12-31 06:54:57.955283,Instagram,@ana-sophia69,Recomendo TechNova pra quem busca qualidade,4
2025-12-31 06:33:57.955283,Twitter,@wgoncalves,TechNova entrega o que promete no p√≥s-venda üíØ Enim nemo.,3
2025-12-31 05:14:57.955283,Facebook,@liviapimenta,TechNova vs concorrentes? TechNova ganha f√°cil!,0
2025-12-31 04:50:57.955283,Twitter,@emanuel57,Vale a pena pagar mais caro no TechNova Pro?,120
2025-12-31 02:20:57.955283,Twitter,@carvalhokevin,Atendente super educado e resolveu tudo! Parab√©ns TechNova Earum eum.,9
2025-12-31 02:02:57.955283,Twitter,@carolinapereira,O suporte da TechNova √© incr√≠vel! Resolveram meu problema em minutos üôå Ipsam laborum.,6
2025-12-31 01:31:57.955283,Instagram,@peixotoayla,Equipe de suporte da TechNova √© extremamente competente! Molestiae quod.,269
2025-12-30 22:40:57.955283,Twitter,@bfogaca,TechNova √© bom mas poderia ser melhor no pre√ßo Rem deleniti atque.,59
2025-12-30 19:43:57.955283,Facebook,@brendamelo,"Tela do TechNova √© linda, cores vibrantes! Amet.",0
2025-12-30 19:29:57.955283,Instagram,@odias,"TechNova chegou antes do prazo, embalagem perfeita üì¶",39
2025-12-30 18:14:57.955283,Facebook,@kda-cruz,Problema resolvido em 5 minutos! Obrigado TechNova üëè,54
2025-12-30 18:07:57.955283,Twitter,@rezendepedro,Bateria descarrega do nada! TechNova precisa resolver isso Minus iste non aut.,5
2025-12-30 15:29:57.955283,Twitter,@mayaandrade,Terceira vez que reclamo da bateria e nada muda @TechNova Provident repellat harum.,126
2025-12-30 15:02:57.955283,Instagram,@davi-miguelda-mota,Suporte TechNova salvou meu dia! Muito obrigado! ‚ù§Ô∏è,84
2025-12-30 14:33:57.955283,Instagram,@caleb36,Tem cupom de desconto pra TechNova?,50
2025-12-30 12:50:57.955283,Instagram,@antonio83,"TechNova respondeu minha d√∫vida em segundos, top demais!",21
2025-12-30 11:11:57.955283,Facebook,@djesus,Bateria descarrega do nada! TechNova precisa resolver isso,13
2025-12-30 05:33:57.955283,Instagram,@da-conceicaoasafe,Terceira vez que reclamo da bateria e nada muda @TechNova Aliquam inventore eum dolorum.,14
2025-12-30 03:09:57.955283,Twitter,@nicole46,Atendimento nota 10! A equipe da TechNova √© muito prestativa,0
2025-12-30 00:48:57.955283,Twitter,@rafaelafonseca,Atendimento nota 10! A equipe da TechNova √© muito prestativa,14
2025-12-30 00:41:57.955283,Instagram,@maria-cecilia00,Qual loja tem melhor pre√ßo de TechNova?,31
2025-12-29 23:19:57.955283,Instagram,@allana01,"TechNova chegou antes do prazo, embalagem perfeita üì¶ Labore dicta vitae.",17
2025-12-29 19:39:57.955283,Instagram,@sophiesousa,Bateria descarrega do nada! TechNova precisa resolver isso,131
2025-12-29 19:27:57.955283,Instagram,@matheuscunha,TechNova est√° caro ou √© pre√ßo justo pelo que oferece? Blanditiis modi quis.,8
2025-12-29 19:23:57.955283,Twitter,@maria44,Problema resolvido em 5 minutos! Obrigado TechNova üëè,144
2025-12-29 18:10:57.955283,Twitter,@oliviacamargo,Compensa esperar promo√ß√£o ou compro agora o TechNova?,6
2025-12-29 16:49:57.955283,Twitter,@fdas-neves,"Produto ok, nada de especial. TechNova mediano",2
2025-12-29 16:15:57.955283,Twitter,@souzaesther,C√¢mera do TechNova √© boa para o pre√ßo,3
2025-12-29 15:37:57.955283,Facebook,@antony90,Atendimento nota 10! A equipe da TechNova √© muito prestativa,44
2025-12-29 14:41:57.955283,Twitter,@barrosarthur-miguel,Bateria descarrega do nada! TechNova precisa resolver isso,49
2025-12-29 13:48:57.955283,Twitter,@aragaovalentina,Problema resolvido em 5 minutos! Obrigado TechNova üëè,17
2025-12-29 13:15:57.955283,Twitter,@luna17,Tem cupom de desconto pra TechNova? Recusandae nisi.,30
2025-12-29 10:25:57.955283,Twitter,@daniela34,TechNova aceita parcelamento em quantas vezes?,14
2025-12-29 08:43:57.955283,Twitter,@fporto,Problema resolvido em 5 minutos! Obrigado TechNova üëè,80
2025-12-29 04:57:57.955283,Twitter,@melinasilva,"Produto TechNova √© bom, mas a bateria √© uma vergonha",163
2025-12-29 01:40:57.955283,Twitter,@irocha,TechNova tem desconto pra estudante? Vitae eius.,29
2025-12-29 00:18:57.955283,Twitter,@ana-liviaguerra,Impressionado com a agilidade do suporte TechNova,192
2025-12-28 18:53:57.955283,Twitter,@fsales,"Produto ok, nada de especial. TechNova mediano",90
2025-12-28 18:28:57.955283,Facebook,@da-luzstella,TechNova √© bom mas poderia ser melhor no pre√ßo,38
2025-12-28 18:12:57.955283,Instagram,@ccassiano,Pre√ßo subiu ou sempre foi assim? Quero comprar TechNova,10
2025-12-28 13:28:57.955283,Instagram,@diogomachado,"TechNova chegou antes do prazo, embalagem perfeita üì¶",2
2025-12-28 13:00:57.955283,Facebook,@ramosfernando,"Design do TechNova √© muito bonito, adorei a cor! Iste animi rerum.",1
2025-12-28 12:56:57.955283,Facebook,@isadora41,Qual o pre√ßo do modelo novo da TechNova?,37
2025-12-28 11:58:57.955283,Twitter,@tferreira,Qual loja tem melhor pre√ßo de TechNova?,58
2025-12-28 09:31:57.955283,Instagram,@manuela38,Atendente super educado e resolveu tudo! Parab√©ns TechNova,7
2025-12-28 05:29:57.955283,Instagram,@pereiraluigi,Atendimento nota 10! A equipe da TechNova √© muito prestativa,59
2025-12-28 05:11:57.955283,Facebook,@dmoraes,A bateria n√£o aguenta um dia de uso normal. Triste com TechNova,94
2025-12-28 04:07:57.955283,Instagram,@kamilly23,"Adorei o atendimento da TechNova, muito profissionais!",30
2025-12-28 03:28:57.955283,Instagram,@agathamartins,Comprei TechNova e n√£o me arrependo! Modi consequuntur.,101
2025-12-28 03:01:57.955283,Twitter,@ccardoso,TechNova tem boa performance no geral,15
2025-12-28 00:19:57.955283,Instagram,@vrocha,Meu TechNova parou de funcionar depois de 1 ano üò¢ Mollitia deleniti.,95
2025-12-27 22:55:57.955283,Twitter,@caldeiraleonardo,A TechNova tem o melhor suporte que j√° vi. Equipe 100%!,35
2025-12-27 22:41:57.955283,Instagram,@thomas52,Terceira vez que reclamo da bateria e nada muda @TechNova,220
2025-12-27 21:17:57.955283,Facebook,@hmoura,"Produto ok, nada de especial. TechNova mediano",7
2025-12-27 17:36:57.955283,Twitter,@yan90,"Tela do TechNova √© linda, cores vibrantes!",38
2025-12-27 16:50:57.955283,Twitter,@ravi-luccamontenegro,TechNova aceita parcelamento em quantas vezes?,6
2025-12-27 16:07:57.955283,Twitter,@das-neveslunna,A TechNova tem o melhor suporte que j√° vi. Equipe 100%!,27
2025-12-27 13:28:57.955283,Facebook,@oborges,TechNova tem boa performance no geral Non dolores culpa mollitia.,0
2025-12-27 10:40:57.955283,Twitter,@davi-luizandrade,"TechNova chegou antes do prazo, embalagem perfeita üì¶",31
2025-12-27 09:48:57.955283,Instagram,@nataliacaldeira,Onde encontro TechNova mais barato?,7
2025-12-27 09:28:57.955283,Twitter,@halmeida,"TechNova chegou antes do prazo, embalagem perfeita üì¶",66
2025-12-27 08:30:57.955283,Instagram,@liznovais,Tem cupom de desconto pra TechNova?,15
2025-12-27 07:24:57.955283,Twitter,@amanda51,"N√£o comprem TechNova se precisam de bateria boa, frustrante Amet dignissimos veniam quisquam.",161
2025-12-27 01:14:57.955283,Twitter,@fariasgabriel,Equipe de suporte da TechNova √© extremamente competente!,70
2025-12-27 01:14:57.955283,Facebook,@krodrigues,Melhor experi√™ncia de suporte que tive! Valeu TechNova!,15
2025-12-26 23:27:57.955283,Facebook,@isaque90,Algu√©m comprou TechNova no site oficial? √â seguro?,2
2025-12-26 19:48:57.955283,Instagram,@joao-lucassousa,Algu√©m sabe se a TechNova vai fazer promo√ß√£o na Black Friday? Ad eius.,18
2025-12-26 18:35:57.955283,Twitter,@vpinto,"Decepcionado com a bateria do TechNova, n√£o dura nem 4 horas Pariatur explicabo.",152
2025-12-26 18:31:57.955283,Twitter,@pedro-lucasabreu,Comprei ontem e a bateria j√° deu problema. TechNova fail Excepturi nihil.,56
2025-12-26 18:06:57.955283,Instagram,@ksilveira,"Tela do TechNova √© linda, cores vibrantes!",5
2025-12-26 17:07:57.955283,Twitter,@ceciliaferreira,TechNova √© bom mas poderia ser melhor no pre√ßo,77
2025-12-26 17:00:57.955283,Twitter,@goncalvesmilena,TechNova Premium vale o investimento extra? Nesciunt.,5
2025-12-26 14:12:57.955283,Twitter,@joaquimmarques,A bateria do produto TechNova est√° durando muito pouco üò°,244
2025-12-26 13:16:57.955283,Instagram,@stephanycarvalho,"Produto TechNova √© bom, mas a bateria √© uma vergonha",181
2025-12-26 12:21:57.955283,Twitter,@gmendonca,"Estou arrependido da compra, bateria TechNova √© muito fraca Magni exercitationem.",358
2025-12-26 10:32:57.955283,Twitter,@wabreu,TechNova ignorando os problemas de bateria? Inadmiss√≠vel! Veniam accusantium sunt nemo.,295
2025-12-26 09:36:57.955283,Instagram,@nabreu,Vale a pena pagar mais caro no TechNova Pro?,18
2025-12-26 08:32:57.955283,Twitter,@nnunes,Terceira vez que reclamo da bateria e nada muda @TechNova Sunt doloribus.,41
2025-12-26 08:23:57.955283,Twitter,@eloamoraes,TechNova tem boa performance no geral Enim error culpa.,87
2025-12-26 03:20:57.955283,Twitter,@manuellaferreira,Impressionado com a agilidade do suporte TechNova Corporis ipsa veniam.,26
2025-12-26 02:09:57.955283,Twitter,@fernandacassiano,TechNova entregou menos do que eu esperava,94
2025-12-26 02:08:57.955283,Facebook,@alvesfrancisco,Vale a pena pagar mais caro no TechNova Pro?,36
2025-12-26 01:50:57.955283,Instagram,@brunopinto,TechNova ignorando os problemas de bateria? Inadmiss√≠vel! Architecto similique illo velit.,243
2025-12-26 01:21:57.955283,Facebook,@ravy61,Vale a pena pagar mais caro no TechNova Pro?,47
2025-12-26 01:12:57.955283,Twitter,@fmacedo,Bateria descarrega do nada! TechNova precisa resolver isso Praesentium velit.,41
2025-12-26 01:10:57.955283,Twitter,@novaismiguel,Atendente super educado e resolveu tudo! Parab√©ns TechNova,13
2025-12-25 20:49:57.955283,Facebook,@bruno27,Recomendo TechNova pra quem busca qualidade,91
2025-12-25 20:05:57.955283,Twitter,@enzo-gabriel82,C√¢mera do TechNova √© boa para o pre√ßo,77
2025-12-25 17:40:57.955283,Twitter,@upimenta,TechNova aceita parcelamento em quantas vezes? Voluptates nisi veniam.,89
2025-12-25 16:49:57.955283,Facebook,@qsampaio,TechNova est√° caro ou √© pre√ßo justo pelo que oferece?,14
2025-12-25 11:47:57.955283,Twitter,@joaquimcosta,Bateria p√©ssima! TechNova precisa melhorar urgente isso,64
2025-12-25 10:25:57.955283,Instagram,@fogacaotto,Terceira vez que reclamo da bateria e nada muda @TechNova Facilis ut.,196
2025-12-25 07:05:57.955283,Facebook,@ana-luizacamara,Impressionado com a agilidade do suporte TechNova Optio nulla at.,6
2025-12-25 06:48:57.955283,Instagram,@rafael09,TechNova vs concorrentes? TechNova ganha f√°cil!,198
2025-12-25 06:30:57.955283,Twitter,@beniciooliveira,Bateria p√©ssima! TechNova precisa melhorar urgente isso,121
2025-12-25 03:19:57.955283,Twitter,@maria52,Melhor experi√™ncia de suporte que tive! Valeu TechNova!,16
2025-12-25 02:54:57.955283,Twitter,@lais85,"Tela do TechNova √© linda, cores vibrantes!",3
2025-12-24 23:24:57.955283,Instagram,@pachecoemanuella,Nunca vi suporte t√£o r√°pido. TechNova mandou bem demais!,38
2025-12-24 20:32:57.955283,Facebook,@eloahcavalcanti,"Produto TechNova √© bom, mas a bateria √© uma vergonha",169
2025-12-24 20:23:57.955283,Instagram,@brayangoncalves,Atendente super educado e resolveu tudo! Parab√©ns TechNova,293
2025-12-24 20:07:57.955283,Twitter,@guilherme71,"Design do TechNova √© muito bonito, adorei a cor!",18
2025-12-24 19:42:57.955283,Twitter,@aragaomaria-liz,TechNova entrega o que promete no p√≥s-venda üíØ,26
2025-12-24 18:33:57.955283,Instagram,@rodrigo96,A bateria superaquece e dura pouco. P√©ssimo TechNova!,224
2025-12-24 16:27:57.955283,Instagram,@dda-rosa,Melhor experi√™ncia de suporte que tive! Valeu TechNova!,111
2025-12-24 14:24:57.955283,Instagram,@raelrocha,TechNova est√° caro ou √© pre√ßo justo pelo que oferece?,47
2025-12-24 13:56:57.955283,Instagram,@apimenta,Vale a pena pagar mais caro no TechNova Pro? Suscipit omnis.,13
2025-12-24 13:45:57.955283,Instagram,@lunaaparecida,TechNova entrega o que promete no p√≥s-venda üíØ,5
2025-12-24 13:32:57.955283,Instagram,@cecilia18,C√¢mera do TechNova √© boa para o pre√ßo,23
2025-12-24 12:58:57.955283,Facebook,@ana-julia73,O suporte da TechNova √© incr√≠vel! Resolveram meu problema em minutos üôå,341
2025-12-24 12:49:57.955283,Twitter,@carlos-eduardoda-luz,Compensa esperar promo√ß√£o ou compro agora o TechNova?,15
2025-12-24 12:28:57.955283,Twitter,@maysapacheco,TechNova aceita parcelamento em quantas vezes?,0
2025-12-24 12:18:57.955283,Instagram,@lauramoura,Problema resolvido em 5 minutos! Obrigado TechNova üëè,7
2025-12-24 11:49:57.955283,Twitter,@kaiqueda-mata,O suporte da TechNova √© incr√≠vel! Resolveram meu problema em minutos üôå Nihil rem dicta beatae.,135
2025-12-24 11:12:57.955283,Facebook,@pedro-miguel17,Bateria p√©ssima! TechNova precisa melhorar urgente isso,314
2025-12-24 07:43:57.955283,Instagram,@umartins,Impressionado com a agilidade do suporte TechNova,224
2025-12-24 06:37:57.955283,Twitter,@pereiravitor,TechNova entrega o que promete no p√≥s-venda üíØ,126
2025-12-24 05:31:57.955283,Facebook,@nunespedro-henrique,"Adorei o atendimento da TechNova, muito profissionais!",55
2025-12-24 05:18:57.955283,Facebook,@ana-juliaguerra,Qual o pre√ßo do modelo novo da TechNova?,11
2025-12-24 00:35:57.955283,Twitter,@woliveira,Qual loja tem melhor pre√ßo de TechNova?,0
2025-12-24 00:31:57.955283,Instagram,@emanuellafreitas,C√¢mera do TechNova √© boa para o pre√ßo,2
2025-12-24 00:04:57.955283,Facebook,@carvalhovinicius,Comprei ontem e a bateria j√° deu problema. TechNova fail,11
2025-12-23 23:03:57.955283,Instagram,@maria-juliaalves,Recomendo TechNova pra quem busca qualidade,29
2025-12-23 21:31:57.955283,Facebook,@eoliveira,Bateria viciada em menos de 3 meses. TechNova explica?,15
2025-12-23 18:49:57.955283,Instagram,@valentinada-cunha,"Design do TechNova √© muito bonito, adorei a cor! Similique corporis.",63
2025-12-23 18:00:57.955283,Instagram,@anthonysa,"N√£o comprem TechNova se precisam de bateria boa, frustrante Nemo quaerat fugit id.",247
2025-12-23 17:19:57.955283,Instagram,@vieirabruna,SAC da TechNova funciona de verdade! Raridade hoje em dia,2
2025-12-23 16:14:57.955283,Twitter,@josemelo,"Tela do TechNova √© linda, cores vibrantes!",11
2025-12-23 12:28:57.955283,Twitter,@lunanogueira,TechNova ignorando os problemas de bateria? Inadmiss√≠vel!,195
2025-12-23 11:23:57.955283,Twitter,@monteirolorena,O suporte da TechNova √© incr√≠vel! Resolveram meu problema em minutos üôå,26
2025-12-23 09:34:57.955283,Instagram,@pedro-miguel52,"Tela do TechNova √© linda, cores vibrantes! Minima id est.",1
2025-12-23 09:20:57.955283,Twitter,@maria-sophia33,"N√£o comprem TechNova se precisam de bateria boa, frustrante Molestias perspiciatis sint.",90
2025-12-23 07:47:57.955283,Twitter,@camila50,"Estou arrependido da compra, bateria TechNova √© muito fraca",86
2025-12-23 07:40:57.955283,Twitter,@fda-cunha,TechNova oferece cashback?,48
2025-12-23 07:26:57.955283,Instagram,@rda-paz,"Produto ok, nada de especial. TechNova mediano",112
2025-12-23 02:25:57.955283,Twitter,@ppeixoto,"Produto ok, nada de especial. TechNova mediano",54
2025-12-22 23:20:57.955283,Instagram,@mcorreia,A TechNova tem o melhor suporte que j√° vi. Equipe 100%!,94
2025-12-22 22:57:57.955283,Instagram,@jose-miguel89,A bateria n√£o aguenta um dia de uso normal. Triste com TechNova Ipsum perspiciatis.,181
2025-12-22 21:48:57.955283,Instagram,@zoe52,Bateria p√©ssima! TechNova precisa melhorar urgente isso Aut neque quidem consequatur.,210
2025-12-22 21:37:57.955283,Twitter,@ppires,Parab√©ns @TechNova pelo atendimento excepcional! Super recomendo,181
2025-12-22 20:14:57.955283,Twitter,@fogacacatarina,TechNova aceita parcelamento em quantas vezes?,49
2025-12-22 18:09:57.955283,Twitter,@gael-henrique58,"Design do TechNova √© muito bonito, adorei a cor!",80
2025-12-22 17:46:57.955283,Twitter,@valentinacardoso,"Decepcionado com a bateria do TechNova, n√£o dura nem 4 horas Architecto dolores pariatur.",30
2025-12-22 17:41:57.955283,Twitter,@cassianoliam,A bateria do produto TechNova est√° durando muito pouco üò°,91
2025-12-22 17:10:57.955283,Twitter,@rhavioliveira,"Estou arrependido da compra, bateria TechNova √© muito fraca",157
2025-12-22 14:48:57.955283,Instagram,@jazevedo,TechNova entregou menos do que eu esperava Sit necessitatibus.,3
2025-12-22 09:51:57.955283,Instagram,@liviaborges,Qual o pre√ßo do modelo novo da TechNova?,31
2025-12-22 09:35:57.955283,Facebook,@joaquimmarques,Recomendo TechNova pra quem busca qualidade,28
2025-12-22 09:32:57.955283,Twitter,@melinamoreira,"Tela do TechNova √© linda, cores vibrantes!",62
2025-12-22 09:29:57.955283,Instagram,@maria-flor77,"Produto ok, nada de especial. TechNova mediano Rerum esse distinctio.",21
2025-12-22 09:04:57.955283,Instagram,@isaac21,A bateria superaquece e dura pouco. P√©ssimo TechNova! Asperiores magnam.,304
2025-12-22 08:37:57.955283,Instagram,@guilherme34,Qual o pre√ßo do modelo novo da TechNova?,35
2025-12-22 07:42:57.955283,Twitter,@ana-luiza62,TechNova entrega o que promete no p√≥s-venda üíØ Sit ex nesciunt consequuntur.,68
2025-12-22 05:09:57.955283,Instagram,@diegoaraujo,Usando TechNova h√° 6 meses e estou satisfeito,32
2025-12-22 02:09:57.955283,Instagram,@olivia81,Equipe de suporte da TechNova √© extremamente competente!,44
2025-12-21 20:29:57.955283,Facebook,@luiz-felipe78,"Decepcionado com a bateria do TechNova, n√£o dura nem 4 horas Eveniet optio minima.",178
2025-12-21 17:57:57.955283,Instagram,@jose-miguelribeiro,"Adorei o atendimento da TechNova, muito profissionais!",46
2025-12-21 16:16:57.955283,Instagram,@ymachado,Comprei ontem e a bateria j√° deu problema. TechNova fail Porro officia.,150
2025-12-21 16:06:57.955283,Twitter,@ramosvinicius,Equipe de suporte da TechNova √© extremamente competente!,37
2025-12-21 13:07:57.955283,Twitter,@pcaldeira,Problema resolvido em 5 minutos! Obrigado TechNova üëè Sapiente dicta harum.,36
2025-12-21 11:45:57.955283,Facebook,@machadomarcos-vinicius,"Design do TechNova √© muito bonito, adorei a cor! Nisi fugit neque veritatis.",18
2025-12-21 10:33:57.955283,Twitter,@giovanna51,A bateria do produto TechNova est√° durando muito pouco üò°,22
2025-12-21 09:33:57.955283,Twitter,@teixeiraoliver,Equipe de suporte da TechNova √© extremamente competente! Voluptatibus esse numquam non.,9
2025-12-21 07:31:57.955283,Instagram,@ana-sophia32,TechNova Premium vale o investimento extra?,0
2025-12-21 07:30:57.955283,Twitter,@fernandaleao,O suporte da TechNova √© incr√≠vel! Resolveram meu problema em minutos üôå,262
2025-12-21 07:23:57.955283,Twitter,@aliciamacedo,Algu√©m comprou TechNova no site oficial? √â seguro? Quidem numquam quis dignissimos.,91
2025-12-21 04:47:57.955283,Instagram,@renancastro,TechNova tem desconto pra estudante?,87
2025-12-21 04:06:57.955283,Instagram,@vicente73,"TechNova chegou antes do prazo, embalagem perfeita üì¶",3
2025-12-21 02:23:57.955283,Facebook,@vicente35,Onde encontro TechNova mais barato?,173
2025-12-20 23:22:57.955283,Twitter,@kpastor,Qual loja tem melhor pre√ßo de TechNova? Ullam voluptatem modi.,16
2025-12-20 23:09:57.955283,Facebook,@yfreitas,"Tela do TechNova √© linda, cores vibrantes!",10
2025-12-20 23:08:57.955283,Instagram,@maria-julia88,Qualidade do TechNova superou minhas expectativas! Illo doloribus.,30
2025-12-20 17:20:57.955283,Instagram,@heloisa68,A bateria n√£o aguenta um dia de uso normal. Triste com TechNova,1
2025-12-20 16:11:57.955283,Twitter,@ana-vitoria27,Parab√©ns @TechNova pelo atendimento excepcional! Super recomendo,45
2025-12-20 15:13:57.955283,Instagram,@valentinafonseca,TechNova entregou menos do que eu esperava,7
2025-12-20 14:59:57.955283,Twitter,@rfonseca,TechNova entregou menos do que eu esperava,4
2025-12-20 14:52:57.955283,Twitter,@emanuel43,Equipe de suporte da TechNova √© extremamente competente!,6
2025-12-20 13:27:57.955283,Facebook,@evelynteixeira,Equipe de suporte da TechNova √© extremamente competente!,237
2025-12-20 11:55:57.955283,Twitter,@mcamara,"Tela do TechNova √© linda, cores vibrantes!",32
2025-12-20 04:43:57.955283,Twitter,@maria-clarasales,Problema resolvido em 5 minutos! Obrigado TechNova üëè,113
2025-12-20 03:50:57.955283,Twitter,@martinsisaac,A bateria n√£o aguenta um dia de uso normal. Triste com TechNova,16
2025-12-20 01:38:57.955283,Twitter,@davi-miguelteixeira,Melhor experi√™ncia de suporte que tive! Valeu TechNova! Voluptas amet ex voluptates.,128
2025-12-20 00:12:57.955283,Twitter,@cirinoyago,Comprei TechNova e n√£o me arrependo!,12
2025-12-19 23:39:57.955283,Twitter,@borgessofia,Qual o pre√ßo do modelo novo da TechNova?,1
2025-12-19 19:05:57.955283,Twitter,@catarina62,Impressionado com a agilidade do suporte TechNova,65
2025-12-19 15:13:57.955283,Instagram,@viniciusribeiro,"Produto TechNova √© bom, mas a bateria √© uma vergonha",387
2025-12-19 13:53:57.955283,Twitter,@juliaalves,"Adorei o atendimento da TechNova, muito profissionais!",51
2025-12-19 12:23:57.955283,Instagram,@ana-clara64,Algu√©m sabe se a TechNova vai fazer promo√ß√£o na Black Friday?,98
2025-12-19 11:00:57.955283,Twitter,@da-mataluisa,"Tela do TechNova √© linda, cores vibrantes! Quidem amet.",47
2025-12-19 10:28:57.955283,Twitter,@carolina14,Comprei ontem e a bateria j√° deu problema. TechNova fail,134
2025-12-19 09:48:57.955283,Instagram,@fazevedo,Impressionado com a agilidade do suporte TechNova,19
2025-12-19 06:55:57.955283,Twitter,@amoraes,Comprei TechNova e n√£o me arrependo!,41
2025-12-19 06:40:57.955283,Instagram,@cavalcantimarina,"TechNova chegou antes do prazo, embalagem perfeita üì¶",27
2025-12-19 06:37:57.955283,Instagram,@pimentagiovanna,"Estou arrependido da compra, bateria TechNova √© muito fraca",49
2025-12-19 05:19:57.955283,Instagram,@monteirozoe,TechNova est√° caro ou √© pre√ßo justo pelo que oferece?,117
2025-12-19 04:40:57.955283,Instagram,@emanuellalopes,Tem cupom de desconto pra TechNova? Quasi.,40
2025-12-19 03:12:57.955283,Twitter,@salesdante,TechNova aceita parcelamento em quantas vezes?,18
2025-12-19 02:33:57.955283,Twitter,@dalmeida,Pre√ßo subiu ou sempre foi assim? Quero comprar TechNova,32
2025-12-19 02:09:57.955283,Instagram,@caldeiraluara,TechNova √© bom mas poderia ser melhor no pre√ßo Neque voluptates.,1
2025-12-19 00:08:57.955283,Instagram,@epeixoto,"TechNova chegou antes do prazo, embalagem perfeita üì¶",61
2025-12-18 20:01:57.955283,Twitter,@wazevedo,Usando TechNova h√° 6 meses e estou satisfeito,46
2025-12-18 17:48:57.955283,Twitter,@calebe04,Usando TechNova h√° 6 meses e estou satisfeito,41
2025-12-18 15:21:57.955283,Facebook,@ravycaldeira,Melhor experi√™ncia de suporte que tive! Valeu TechNova!,97
2025-12-18 14:41:57.955283,Twitter,@dda-cunha,Pre√ßo subiu ou sempre foi assim? Quero comprar TechNova,79
2025-12-18 13:13:57.955283,Twitter,@ida-paz,TechNova tem boa performance no geral,35
2025-12-18 12:07:57.955283,Twitter,@marquesfelipe,"Decepcionado com a bateria do TechNova, n√£o dura nem 4 horas Optio id.",327
2025-12-18 09:58:57.955283,Facebook,@valentinasa,"Design do TechNova √© muito bonito, adorei a cor!",1
2025-12-18 07:22:57.955283,Twitter,@vpastor,"Decepcionado com a bateria do TechNova, n√£o dura nem 4 horas Iste perferendis quia.",66
2025-12-18 03:58:57.955283,Facebook,@bfernandes,"Design do TechNova √© muito bonito, adorei a cor!",44
2025-12-18 03:29:57.955283,Twitter,@ualbuquerque,"N√£o comprem TechNova se precisam de bateria boa, frustrante",46
2025-12-17 22:41:57.955283,Twitter,@csouza,"TechNova chegou antes do prazo, embalagem perfeita üì¶ Reiciendis ipsa.",19
2025-12-17 18:21:57.955283,Facebook,@ayllavargas,TechNova ignorando os problemas de bateria? Inadmiss√≠vel! Quas cum fugit.,84
2025-12-17 15:29:57.955283,Facebook,@maria-fernandarios,TechNova aceita parcelamento em quantas vezes?,8
2025-12-17 14:30:57.955283,Instagram,@borgesisabel,Problema resolvido em 5 minutos! Obrigado TechNova üëè,10
2025-12-17 12:23:57.955283,Instagram,@carolinavargas,C√¢mera do TechNova √© boa para o pre√ßo Magni accusantium est.,24
2025-12-17 11:40:57.955283,Facebook,@araujoisis,Equipe de suporte da TechNova √© extremamente competente! Veniam.,180
2025-12-17 10:44:57.955283,Facebook,@teixeiraguilherme,Impressionado com a agilidade do suporte TechNova,55
2025-12-17 09:25:57.955283,Twitter,@wda-mota,Bateria descarrega do nada! TechNova precisa resolver isso Eveniet iste excepturi.,109
2025-12-17 07:44:57.955283,Twitter,@liz96,TechNova √© bom mas poderia ser melhor no pre√ßo Corporis consequuntur quia.,13
2025-12-17 05:28:57.955283,Twitter,@maria-luiza33,Bateria p√©ssima! TechNova precisa melhorar urgente isso,331
2025-12-17 04:30:57.955283,Instagram,@jose49,Tem cupom de desconto pra TechNova?,3
2025-12-17 02:51:57.955283,Facebook,@emanuelbarros,"TechNova chegou antes do prazo, embalagem perfeita üì¶",4
2025-12-17 02:37:57.955283,Twitter,@esterda-paz,"TechNova respondeu minha d√∫vida em segundos, top demais!",98
2025-12-17 00:46:57.955283,Twitter,@luiza70,TechNova tem desconto pra estudante?,21
2025-12-16 21:40:57.955283,Instagram,@mgarcia,Equipe de suporte da TechNova √© extremamente competente!,17
2025-12-16 21:30:57.955283,Instagram,@meloluisa,TechNova tem desconto pra estudante?,20
2025-12-16 20:11:57.955283,Instagram,@pastorlavinia,Impressionado com a agilidade do suporte TechNova,105
2025-12-16 20:08:57.955283,Facebook,@yagomachado,Meu TechNova parou de funcionar depois de 1 ano üò¢,67
2025-12-16 19:19:57.955283,Twitter,@dcastro,Problema resolvido em 5 minutos! Obrigado TechNova üëè,3
2025-12-16 17:46:57.955283,Instagram,@viniciussiqueira,O suporte da TechNova √© incr√≠vel! Resolveram meu problema em minutos üôå,37
2025-12-16 17:03:57.955283,Instagram,@ccamara,TechNova entrega o que promete no p√≥s-venda üíØ,4
2025-12-16 15:58:57.955283,Instagram,@aliciasantos,TechNova ignorando os problemas de bateria? Inadmiss√≠vel! Ipsum nisi eos.,44
2025-12-16 10:49:57.955283,Instagram,@eloanovaes,Qual loja tem melhor pre√ßo de TechNova? Quisquam facilis id.,13
2025-12-16 09:35:57.955283,Instagram,@pmelo,O suporte da TechNova √© incr√≠vel! Resolveram meu problema em minutos üôå,14
2025-12-16 09:32:57.955283,Twitter,@ayla31,"Estou arrependido da compra, bateria TechNova √© muito fraca",636
2025-12-16 05:05:57.955283,Twitter,@juliarezende,Bateria viciada em menos de 3 meses. TechNova explica?,41
2025-12-16 04:45:57.955283,Twitter,@cnovaes,Recomendo TechNova pra quem busca qualidade,31
2025-12-16 01:21:57.955283,Twitter,@ribeirobarbara,A bateria superaquece e dura pouco. P√©ssimo TechNova!,487
2025-12-15 23:05:57.955283,Facebook,@da-rochahadassa,"Som do TechNova √© excelente, surpreendente! Ipsum consequuntur.",4
2025-12-15 22:59:57.955283,Instagram,@tpereira,Comprei TechNova e n√£o me arrependo! Aut eveniet eos.,119
2025-12-15 19:25:57.955283,Instagram,@thiago05,Problema resolvido em 5 minutos! Obrigado TechNova üëè,44
2025-12-15 19:22:57.955283,Instagram,@natalia14,SAC da TechNova funciona de verdade! Raridade hoje em dia,80
2025-12-15 17:12:57.955283,Twitter,@arthur82,"Adorei o atendimento da TechNova, muito profissionais!",1
2025-12-15 16:24:57.955283,Facebook,@diego60,TechNova entregou menos do que eu esperava Provident magnam rerum.,53
2025-12-15 13:54:57.955283,Twitter,@rochazoe,TechNova oferece cashback?,120
2025-12-15 13:16:57.955283,Facebook,@pintoleandro,"Produto TechNova √© bom, mas a bateria √© uma vergonha",492
2025-12-15 09:44:57.955283,Twitter,@lorena14,A bateria do produto TechNova est√° durando muito pouco üò°,43
2025-12-15 08:55:57.955283,Facebook,@pietro10,Equipe de suporte da TechNova √© extremamente competente! Accusantium molestiae voluptatum.,36
2025-12-15 08:28:57.955283,Instagram,@rnunes,"Tela do TechNova √© linda, cores vibrantes!",8
2025-12-15 08:23:57.955283,Twitter,@da-cruzrael,Atendimento nota 10! A equipe da TechNova √© muito prestativa,86
2025-12-15 08:14:57.955283,Twitter,@rfarias,Algu√©m sabe se a TechNova vai fazer promo√ß√£o na Black Friday? Dolore optio.,27
2025-12-15 08:10:57.955283,Twitter,@portohellena,A TechNova tem o melhor suporte que j√° vi. Equipe 100%!,156
2025-12-15 06:13:57.955283,Twitter,@pauloazevedo,Meu TechNova parou de funcionar depois de 1 ano üò¢,22
2025-12-15 05:25:57.955283,Facebook,@bmartins,"Produto TechNova √© bom, mas a bateria √© uma vergonha Debitis maxime officiis.",100
2025-12-15 05:22:57.955283,Twitter,@theocosta,TechNova √© bom mas poderia ser melhor no pre√ßo,25
2025-12-15 00:41:57.955283,Instagram,@borgesana-beatriz,C√¢mera do TechNova √© boa para o pre√ßo,40
2025-12-14 22:41:57.955283,Twitter,@santosluiza,Qualidade do TechNova superou minhas expectativas! Blanditiis tempore deleniti.,1
2025-12-14 22:01:57.955283,Twitter,@xnovais,C√¢mera do TechNova √© boa para o pre√ßo,33
2025-12-14 20:27:57.955283,Twitter,@xalves,Equipe de suporte da TechNova √© extremamente competente!,12
2025-12-14 19:11:57.955283,Twitter,@gustavosampaio,A bateria do produto TechNova est√° durando muito pouco üò° Nihil rerum.,104
2025-12-14 17:07:57.955283,Facebook,@cavalcantilara,"TechNova respondeu minha d√∫vida em segundos, top demais!",6
2025-12-14 16:14:57.955283,Facebook,@barbosastephany,Equipe de suporte da TechNova √© extremamente competente! Officia.,17
2025-12-14 16:01:57.955283,Facebook,@luigicavalcanti,Comprei TechNova e n√£o me arrependo!,51
2025-12-14 15:30:57.955283,Instagram,@das-nevesfernanda,Nunca vi suporte t√£o r√°pido. TechNova mandou bem demais!,39
2025-12-14 14:05:57.955283,Facebook,@maria-helena82,Bateria descarrega do nada! TechNova precisa resolver isso,215
2025-12-14 11:16:57.955283,Twitter,@henrique90,Terceira vez que reclamo da bateria e nada muda @TechNova,5
2025-12-14 11:14:57.955283,Twitter,@enogueira,Equipe de suporte da TechNova √© extremamente competente!,140
2025-12-14 10:49:57.955283,Twitter,@leaorebeca,Pior bateria do mercado! TechNova decepcionou demais,11
2025-12-14 10:29:57.955283,Twitter,@marina11,TechNova tem boa performance no geral Amet.,47
2025-12-14 09:51:57.955283,Instagram,@leonardoribeiro,TechNova tem desconto pra estudante?,51
2025-12-14 06:46:57.955283,Twitter,@jesusbianca,Impressionado com a agilidade do suporte TechNova,16
2025-12-14 06:29:57.955283,Twitter,@antonella26,TechNova aceita parcelamento em quantas vezes? Itaque non maiores.,140
2025-12-14 01:51:57.955283,Twitter,@bbarros,Comprei TechNova e n√£o me arrependo! Unde maxime reiciendis.,3
2025-12-14 01:23:57.955283,Twitter,@davi-lucassilva,Propaganda enganosa! Bateria TechNova n√£o dura o prometido Voluptatem laboriosam delectus.,16
2025-12-13 22:41:57.955283,Twitter,@daniel45,Bateria viciada em menos de 3 meses. TechNova explica? Cumque error adipisci.,129
2025-12-13 22:25:57.955283,Facebook,@carolina49,Comprei ontem e a bateria j√° deu problema. TechNova fail Sed delectus distinctio.,215
2025-12-13 21:22:57.955283,Instagram,@caio78,Comprei TechNova e n√£o me arrependo!,0
2025-12-13 09:55:57.955283,Instagram,@andre44,"Produto ok, nada de especial. TechNova mediano",49
2025-12-13 09:23:57.955283,Twitter,@machadogustavo,Problema resolvido em 5 minutos! Obrigado TechNova üëè,55
2025-12-13 09:12:57.955283,Facebook,@nda-costa,Qual a diferen√ßa de pre√ßo entre os modelos TechNova?,5
2025-12-13 08:20:57.955283,Twitter,@osantos,Suporte TechNova salvou meu dia! Muito obrigado! ‚ù§Ô∏è,43
2025-12-13 06:18:57.955283,Facebook,@lda-mota,"TechNova chegou antes do prazo, embalagem perfeita üì¶",92
2025-12-13 05:29:57.955283,Instagram,@gaelpires,TechNova vs concorrentes? TechNova ganha f√°cil!,76
2025-12-13 03:17:57.955283,Instagram,@hda-rocha,Suporte TechNova salvou meu dia! Muito obrigado! ‚ù§Ô∏è,22
2025-12-13 01:54:57.955283,Twitter,@ana-cecilia34,"Som do TechNova √© excelente, surpreendente!",39
2025-12-13 00:23:57.955283,Facebook,@benicio53,"Adorei o atendimento da TechNova, muito profissionais!",132
2025-12-12 23:48:57.955283,Facebook,@peixotomaria-julia,TechNova tem boa performance no geral Perferendis voluptatem nesciunt.,30
2025-12-12 21:55:57.955283,Twitter,@siqueiraraquel,A bateria superaquece e dura pouco. P√©ssimo TechNova! Maiores autem magnam.,93
2025-12-12 20:08:57.955283,Twitter,@jose-miguel81,"Som do TechNova √© excelente, surpreendente!",41
2025-12-12 17:54:57.955283,Twitter,@milenapastor,Tem cupom de desconto pra TechNova?,3
2025-12-12 16:00:57.955283,Instagram,@fernandoda-rocha,TechNova vs concorrentes? TechNova ganha f√°cil!,76
2025-12-12 15:46:57.955283,Instagram,@bryan01,SAC da TechNova funciona de verdade! Raridade hoje em dia,37
2025-12-12 14:13:57.955283,Instagram,@ceciliaazevedo,Bateria p√©ssima! TechNova precisa melhorar urgente isso,253
2025-12-12 13:36:57.955283,Twitter,@nataliada-luz,TechNova √© bom mas poderia ser melhor no pre√ßo,0
2025-12-12 13:25:57.955283,Instagram,@uaparecida,Atendimento nota 10! A equipe da TechNova √© muito prestativa,85
2025-12-12 13:21:57.955283,Twitter,@pietro05,TechNova vs concorrentes? TechNova ganha f√°cil!,39
2025-12-12 11:48:57.955283,Instagram,@ceciliamoreira,"Som do TechNova √© excelente, surpreendente! Esse cum.",48
2025-12-12 11:23:57.955283,Twitter,@luizapastor,Parab√©ns @TechNova pelo atendimento excepcional! Super recomendo,9
2025-12-12 10:21:57.955283,Instagram,@saleskaique,Nunca vi suporte t√£o r√°pido. TechNova mandou bem demais! Mollitia incidunt ab.,5
2025-12-12 07:18:57.955283,Twitter,@renan41,"Design do TechNova √© muito bonito, adorei a cor!",55
2025-12-12 07:10:57.955283,Facebook,@gcamara,"TechNova respondeu minha d√∫vida em segundos, top demais!",297
2025-12-12 06:50:57.955283,Instagram,@davi64,Recomendo TechNova pra quem busca qualidade,97
2025-12-12 04:03:57.955283,Facebook,@theodororocha,TechNova aceita parcelamento em quantas vezes? Non explicabo.,132
2025-12-12 04:01:57.955283,Twitter,@da-pazenzo,O suporte da TechNova √© incr√≠vel! Resolveram meu problema em minutos üôå,1
2025-12-12 00:54:57.955283,Instagram,@anthony-gabriel26,Recomendo TechNova pra quem busca qualidade,80
2025-12-12 00:37:57.955283,Instagram,@xda-paz,Qual a diferen√ßa de pre√ßo entre os modelos TechNova?,136
2025-12-12 00:21:57.955283,Instagram,@uleao,Recomendo TechNova pra quem busca qualidade,5
2025-12-11 23:07:57.955283,Facebook,@josue48,"TechNova respondeu minha d√∫vida em segundos, top demais! Veniam ullam.",30
2025-12-11 23:02:57.955283,Instagram,@bcampos,Qual a diferen√ßa de pre√ßo entre os modelos TechNova?,37
2025-12-11 22:00:57.955283,Instagram,@jferreira,Meu TechNova parou de funcionar depois de 1 ano üò¢,92
2025-12-11 21:56:57.955283,Instagram,@da-cruzluna,Suporte TechNova salvou meu dia! Muito obrigado! ‚ù§Ô∏è,85
2025-12-11 19:37:57.955283,Instagram,@fsales,TechNova ignorando os problemas de bateria? Inadmiss√≠vel!,353
2025-12-11 18:17:57.955283,Twitter,@moraesian,Comprei TechNova e n√£o me arrependo!,1
2025-12-11 17:38:57.955283,Instagram,@maria-laura05,A bateria superaquece e dura pouco. P√©ssimo TechNova!,332
2025-12-11 17:24:57.955283,Instagram,@sophia65,TechNova tem desconto pra estudante?,13
2025-12-11 14:15:57.955283,Twitter,@wnovais,TechNova √© bom mas poderia ser melhor no pre√ßo,18
2025-12-11 12:51:57.955283,Facebook,@dfernandes,"Tela do TechNova √© linda, cores vibrantes!",17
2025-12-11 11:16:57.955283,Twitter,@ribeirootavio,SAC da TechNova funciona de verdade! Raridade hoje em dia,55
2025-12-11 11:15:57.955283,Instagram,@jaragao,A bateria superaquece e dura pouco. P√©ssimo TechNova! Debitis vero.,307
2025-12-11 08:26:57.955283,Twitter,@luara40,Parab√©ns @TechNova pelo atendimento excepcional! Super recomendo Cumque ipsam ipsum.,240
2025-12-11 06:30:57.955283,Twitter,@camila96,Bateria descarrega do nada! TechNova precisa resolver isso,74
2025-12-11 05:29:57.955283,Facebook,@calebe54,"Design do TechNova √© muito bonito, adorei a cor!",90
2025-12-11 04:16:57.955283,Twitter,@diasleticia,C√¢mera do TechNova √© boa para o pre√ßo,29
2025-12-11 03:26:57.955283,Instagram,@borgesluana,A TechNova tem o melhor suporte que j√° vi. Equipe 100%!,78
2025-12-11 00:24:57.955283,Instagram,@oliveirajoao-guilherme,"Som do TechNova √© excelente, surpreendente! Corrupti ipsum fuga ipsam.",15
2025-12-10 23:54:57.955283,Facebook,@mcastro,Parab√©ns @TechNova pelo atendimento excepcional! Super recomendo Quod magnam.,30
2025-12-10 19:23:57.955283,Twitter,@ana-sophiasilva,SAC da TechNova funciona de verdade! Raridade hoje em dia,120
2025-12-10 16:42:57.955283,Twitter,@rafael16,Qual a diferen√ßa de pre√ßo entre os modelos TechNova? Sit alias architecto.,63
2025-12-10 12:42:57.955283,Instagram,@lucas47,"Produto ok, nada de especial. TechNova mediano",32
2025-12-10 12:16:57.955283,Instagram,@rafaelacostela,C√¢mera do TechNova √© boa para o pre√ßo Ullam sit quasi aperiam.,39
2025-12-10 11:08:57.955283,Facebook,@davi-luiz88,"Decepcionado com a bateria do TechNova, n√£o dura nem 4 horas Optio assumenda.",62
2025-12-10 11:03:57.955283,Facebook,@acaldeira,"Design do TechNova √© muito bonito, adorei a cor! Possimus commodi.",10
2025-12-10 10:21:57.955283,Instagram,@larapinto,A TechNova tem o melhor suporte que j√° vi. Equipe 100%!,134
2025-12-10 09:14:57.955283,Instagram,@knovaes,Bateria descarrega do nada! TechNova precisa resolver isso,19
2025-12-10 08:39:57.955283,Twitter,@juanalves,"Tela do TechNova √© linda, cores vibrantes!",13
2025-12-10 05:44:57.955283,Twitter,@maria-cecilia51,Pre√ßo subiu ou sempre foi assim? Quero comprar TechNova Eaque consectetur.,59
2025-12-10 05:21:57.955283,Twitter,@yporto,SAC da TechNova funciona de verdade! Raridade hoje em dia Excepturi.,131
2025-12-10 03:22:57.955283,Instagram,@garciabreno,C√¢mera do TechNova √© boa para o pre√ßo,57
2025-12-10 02:37:57.955283,Twitter,@xcorreia,Qualidade do TechNova superou minhas expectativas! Est repellat.,45
2025-12-10 02:30:57.955283,Twitter,@sandrade,C√¢mera do TechNova √© boa para o pre√ßo,93
2025-12-10 00:56:57.955283,Twitter,@santosdante,TechNova est√° caro ou √© pre√ßo justo pelo que oferece?,29
2025-12-09 23:07:57.955283,Twitter,@abreubrenda,TechNova oferece cashback? Odio repudiandae.,39
2025-12-09 22:38:57.955283,Twitter,@leandroteixeira,C√¢mera do TechNova √© boa para o pre√ßo,4
2025-12-09 21:26:57.955283,Instagram,@da-cruzmurilo,Onde encontro TechNova mais barato?,142
2025-12-09 21:24:57.955283,Facebook,@otavio76,TechNova √© bom mas poderia ser melhor no pre√ßo Totam necessitatibus.,6
2025-12-09 20:16:57.955283,Twitter,@mariahcamara,Pre√ßo subiu ou sempre foi assim? Quero comprar TechNova,28
2025-12-09 16:55:57.955283,Instagram,@ianalves,Tem cupom de desconto pra TechNova?,55
2025-12-09 13:01:57.955283,Facebook,@jnovaes,A bateria n√£o aguenta um dia de uso normal. Triste com TechNova,119
2025-12-09 10:58:57.955283,Twitter,@joao-pedroda-rocha,"TechNova chegou antes do prazo, embalagem perfeita üì¶ Nisi accusamus maiores.",21
2025-12-09 10:18:57.955283,Twitter,@thales48,TechNova √© bom mas poderia ser melhor no pre√ßo Quia labore.,65
2025-12-09 09:55:57.955283,Facebook,@jose-pedrolopes,Algu√©m comprou TechNova no site oficial? √â seguro?,3
2025-12-09 09:39:57.955283,Facebook,@qmoura,Bateria descarrega do nada! TechNova precisa resolver isso,119
2025-12-09 09:26:57.955283,Twitter,@joao-guilhermeandrade,"Produto TechNova √© bom, mas a bateria √© uma vergonha",199
2025-12-09 09:00:57.955283,Facebook,@nmendes,TechNova Premium vale o investimento extra?,15
2025-12-09 07:38:57.955283,Instagram,@hnovais,TechNova Premium vale o investimento extra?,62
2025-12-09 06:52:57.955283,Twitter,@lorena23,Bateria p√©ssima! TechNova precisa melhorar urgente isso,101
2025-12-09 06:44:57.955283,Twitter,@juan90,"Tela do TechNova √© linda, cores vibrantes!",48
2025-12-09 05:13:57.955283,Facebook,@ecamargo,TechNova Premium vale o investimento extra? Delectus amet velit.,7
2025-12-09 03:12:57.955283,Twitter,@rodriguesian,Vale a pena pagar mais caro no TechNova Pro? Minus voluptas similique.,28
2025-12-09 01:52:57.955283,Instagram,@xmachado,Qual a diferen√ßa de pre√ßo entre os modelos TechNova?,1
2025-12-09 01:20:57.955283,Twitter,@ksantos,Parab√©ns @TechNova pelo atendimento excepcional! Super recomendo Qui error excepturi repudiandae.,3
2025-12-09 00:33:57.955283,Twitter,@renanvieira,Bateria descarrega do nada! TechNova precisa resolver isso,18
2025-12-08 23:50:57.955283,Twitter,@ryanaragao,"Adorei o atendimento da TechNova, muito profissionais!",77
2025-12-08 17:03:57.955283,Instagram,@camposrafaela,Bateria viciada em menos de 3 meses. TechNova explica?,258
2025-12-08 15:42:57.955283,Instagram,@maria-isis77,Pior bateria do mercado! TechNova decepcionou demais,155
2025-12-08 14:51:57.955283,Twitter,@lfernandes,Compensa esperar promo√ß√£o ou compro agora o TechNova?,0
2025-12-08 13:02:57.955283,Instagram,@yfernandes,A TechNova tem o melhor suporte que j√° vi. Equipe 100%!,20
2025-12-08 11:59:57.955283,Twitter,@uda-mota,Comprei ontem e a bateria j√° deu problema. TechNova fail,6
2025-12-08 11:58:57.955283,Twitter,@maria-isismachado,Atendente super educado e resolveu tudo! Parab√©ns TechNova Totam iusto.,130
2025-12-08 11:05:57.955283,Twitter,@natalia93,"Produto ok, nada de especial. TechNova mediano",2
2025-12-08 10:39:57.955283,Facebook,@aylaalmeida,"Estou arrependido da compra, bateria TechNova √© muito fraca",61
2025-12-08 10:36:57.955283,Instagram,@silvabruna,Comprei TechNova e n√£o me arrependo!,83
2025-12-08 10:21:57.955283,Twitter,@pmacedo,Impressionado com a agilidade do suporte TechNova,132
2025-12-08 09:18:57.955283,Instagram,@luigiribeiro,Recomendo TechNova pra quem busca qualidade Atque odit nihil.,172
2025-12-08 06:23:57.955283,Twitter,@yda-cruz,Onde encontro TechNova mais barato?,139
2025-12-08 03:01:57.955283,Instagram,@diasliz,"Adorei o atendimento da TechNova, muito profissionais!",75
2025-12-08 02:59:57.955283,Twitter,@maria-clara40,TechNova ignorando os problemas de bateria? Inadmiss√≠vel!,29
2025-12-08 02:51:57.955283,Twitter,@emilly14,Propaganda enganosa! Bateria TechNova n√£o dura o prometido,108
2025-12-08 00:35:57.955283,Instagram,@isabella54,"Decepcionado com a bateria do TechNova, n√£o dura nem 4 horas",167
2025-12-07 22:15:57.955283,Facebook,@ravi-luccaaragao,Usando TechNova h√° 6 meses e estou satisfeito,12
2025-12-07 21:22:57.955283,Twitter,@viniciusaragao,"TechNova chegou antes do prazo, embalagem perfeita üì¶",18
2025-12-07 19:41:57.955283,Twitter,@xmartins,Meu TechNova parou de funcionar depois de 1 ano üò¢,2
2025-12-07 19:35:57.955283,Instagram,@melocecilia,Qualidade do TechNova superou minhas expectativas!,16
2025-12-07 19:08:57.955283,Facebook,@rcasa-grande,Nunca vi suporte t√£o r√°pido. TechNova mandou bem demais! Cupiditate occaecati nulla.,6
2025-12-07 18:54:57.955283,Twitter,@henrique33,"TechNova chegou antes do prazo, embalagem perfeita üì¶",36
2025-12-07 12:11:57.955283,Twitter,@enzo-gabrielda-paz,"N√£o comprem TechNova se precisam de bateria boa, frustrante",38
2025-12-07 11:10:57.955283,Instagram,@ferreirarodrigo,Recomendo TechNova pra quem busca qualidade,55
2025-12-07 11:05:57.955283,Twitter,@rebecagarcia,Bateria p√©ssima! TechNova precisa melhorar urgente isso,22
2025-12-07 08:59:57.955283,Instagram,@ocorreia,"TechNova respondeu minha d√∫vida em segundos, top demais!",63
2025-12-07 02:59:57.955283,Instagram,@freitasjuan,TechNova vs concorrentes? TechNova ganha f√°cil!,14
2025-12-07 01:02:57.955283,Twitter,@souzaana-sophia,Melhor experi√™ncia de suporte que tive! Valeu TechNova!,35
2025-12-07 00:59:57.955283,Twitter,@lucas-gabrieljesus,Propaganda enganosa! Bateria TechNova n√£o dura o prometido Consectetur.,6
2025-12-07 00:17:57.955283,Instagram,@ravimartins,"Produto TechNova √© bom, mas a bateria √© uma vergonha",155
2025-12-06 23:32:57.955283,Twitter,@borgesgabrielly,"TechNova chegou antes do prazo, embalagem perfeita üì¶ Eius dolor quis.",36
2025-12-06 22:48:57.955283,Instagram,@ufarias,"Produto ok, nada de especial. TechNova mediano",17
2025-12-06 22:20:57.955283,Instagram,@vferreira,Recomendo TechNova pra quem busca qualidade,15
2025-12-06 15:51:57.955283,Instagram,@xcamargo,"Decepcionado com a bateria do TechNova, n√£o dura nem 4 horas Dolor corrupti.",29
2025-12-06 13:12:57.955283,Twitter,@yago21,Compensa esperar promo√ß√£o ou compro agora o TechNova?,24
2025-12-06 13:04:57.955283,Twitter,@ninamelo,Equipe de suporte da TechNova √© extremamente competente!,112
2025-12-06 10:28:57.955283,Twitter,@leonardobarbosa,TechNova tem desconto pra estudante?,113
2025-12-06 06:47:57.955283,Twitter,@da-costajoana,Bateria viciada em menos de 3 meses. TechNova explica?,195
2025-12-06 06:18:57.955283,Twitter,@amoura,Bateria descarrega do nada! TechNova precisa resolver isso Sunt aperiam id quaerat.,144
2025-12-06 04:58:57.955283,Instagram,@ana-carolina06,Onde encontro TechNova mais barato?,105
2025-12-06 03:10:57.955283,Twitter,@felipe61,TechNova vs concorrentes? TechNova ganha f√°cil!,0
2025-12-06 03:05:57.955283,Twitter,@danilopacheco,Meu TechNova parou de funcionar depois de 1 ano üò¢ Optio laborum deleniti.,70
2025-12-06 02:41:57.955283,Twitter,@silvapietra,Pior bateria do mercado! TechNova decepcionou demais Consequuntur dolorum odit soluta.,279
2025-12-05 22:01:57.955283,Twitter,@ofonseca,"TechNova respondeu minha d√∫vida em segundos, top demais!",21
2025-12-05 20:33:57.955283,Instagram,@martinsdom,Pior bateria do mercado! TechNova decepcionou demais Quia excepturi.,412
2025-12-05 16:11:57.955283,Twitter,@diogomacedo,"Tela do TechNova √© linda, cores vibrantes!",123
2025-12-05 15:23:57.955283,Instagram,@mpereira,Nunca vi suporte t√£o r√°pido. TechNova mandou bem demais! Veniam assumenda dolorum.,220
2025-12-05 14:39:57.955283,Instagram,@benjamin14,Problema resolvido em 5 minutos! Obrigado TechNova üëè,44
2025-12-05 14:35:57.955283,Facebook,@arthurfogaca,Bateria descarrega do nada! TechNova precisa resolver isso Beatae sint.,331
2025-12-05 12:41:57.955283,Instagram,@da-cruzmaria-laura,TechNova entrega o que promete no p√≥s-venda üíØ,14
2025-12-05 10:28:57.955283,Facebook,@guilherme88,"TechNova respondeu minha d√∫vida em segundos, top demais!",39
2025-12-05 09:35:57.955283,Twitter,@hadassa90,Compensa esperar promo√ß√£o ou compro agora o TechNova?,13
2025-12-05 09:20:57.955283,Instagram,@bentocasa-grande,Comprei TechNova e n√£o me arrependo! Perferendis illo.,34
2025-12-05 09:16:57.955283,Instagram,@dantepastor,A bateria superaquece e dura pouco. P√©ssimo TechNova!,7
2025-12-05 09:08:57.955283,Twitter,@da-conceicaobenicio,Melhor experi√™ncia de suporte que tive! Valeu TechNova!,27
2025-12-05 08:41:57.955283,Instagram,@luna87,Meu TechNova parou de funcionar depois de 1 ano üò¢,11
2025-12-05 06:13:57.955283,Twitter,@rleao,A TechNova tem o melhor suporte que j√° vi. Equipe 100%!,15
2025-12-05 01:03:57.955283,Twitter,@joaquim65,Usando TechNova h√° 6 meses e estou satisfeito,30
2025-12-05 00:28:57.955283,Facebook,@ana-liz30,Suporte TechNova salvou meu dia! Muito obrigado! ‚ù§Ô∏è,29
2025-12-04 23:11:57.955283,Facebook,@vieiraisabela,Compensa esperar promo√ß√£o ou compro agora o TechNova?,4
2025-12-04 21:28:57.955283,Twitter,@oliver75,"Tela do TechNova √© linda, cores vibrantes!",35
2025-12-04 19:56:57.955283,Twitter,@hellena65,Nunca vi suporte t√£o r√°pido. TechNova mandou bem demais!,82
2025-12-04 19:04:57.955283,Twitter,@marquesemilly,"Adorei o atendimento da TechNova, muito profissionais!",368
2025-12-04 19:01:57.955283,Twitter,@karaujo,TechNova entregou menos do que eu esperava,19
2025-12-04 17:36:57.955283,Instagram,@cassianokaique,Pre√ßo subiu ou sempre foi assim? Quero comprar TechNova,19
2025-12-04 17:28:57.955283,Facebook,@fernanda63,A TechNova tem o melhor suporte que j√° vi. Equipe 100%!,75
2025-12-04 17:24:57.955283,Twitter,@pedroda-conceicao,TechNova vs concorrentes? TechNova ganha f√°cil!,41
2025-12-04 17:20:57.955283,Instagram,@julia56,"TechNova chegou antes do prazo, embalagem perfeita üì¶",28
2025-12-04 13:17:57.955283,Instagram,@joanarezende,Comprei TechNova e n√£o me arrependo! Aut quo a.,24
2025-12-04 11:44:57.955283,Twitter,@omachado,TechNova ignorando os problemas de bateria? Inadmiss√≠vel!,259
2025-12-04 10:39:57.955283,Facebook,@jsantos,C√¢mera do TechNova √© boa para o pre√ßo,6
2025-12-04 09:58:57.955283,Twitter,@sacalebe,TechNova tem boa performance no geral Dolor voluptatum magni.,18
2025-12-04 09:12:57.955283,Twitter,@ksa,Atendente super educado e resolveu tudo! Parab√©ns TechNova,51
2025-12-04 08:10:57.955283,Twitter,@aragaoleonardo,Usando TechNova h√° 6 meses e estou satisfeito Exercitationem fuga quam.,72
2025-12-04 08:00:57.955283,Instagram,@amandabarros,"Produto TechNova √© bom, mas a bateria √© uma vergonha",35
2025-12-04 07:36:57.955283,Twitter,@jose-pedrogarcia,Algu√©m comprou TechNova no site oficial? √â seguro?,123
2025-12-04 06:27:57.955283,Twitter,@guilhermegarcia,Suporte TechNova salvou meu dia! Muito obrigado! ‚ù§Ô∏è,16
2025-12-04 06:12:57.955283,Instagram,@garciaemanuel,"Adorei o atendimento da TechNova, muito profissionais!",280
2025-12-04 04:42:57.955283,Twitter,@dsilveira,Nunca vi suporte t√£o r√°pido. TechNova mandou bem demais!,62
2025-12-04 04:37:57.955283,Instagram,@viniciusviana,TechNova Premium vale o investimento extra? Praesentium iste.,43
2025-12-04 04:07:57.955283,Twitter,@qda-paz,Bateria descarrega do nada! TechNova precisa resolver isso,422
2025-12-04 02:49:57.955283,Facebook,@cirinodavi-miguel,A bateria n√£o aguenta um dia de uso normal. Triste com TechNova,22
2025-12-04 02:43:57.955283,Facebook,@hazevedo,TechNova entrega o que promete no p√≥s-venda üíØ,372
2025-12-04 00:47:57.955283,Instagram,@tmacedo,"Som do TechNova √© excelente, surpreendente!",16
2025-12-03 23:55:57.955283,Instagram,@agatha56,Comprei ontem e a bateria j√° deu problema. TechNova fail,4
2025-12-03 20:51:57.955283,Twitter,@vasconceloslais,TechNova tem boa performance no geral,40
2025-12-03 20:19:57.955283,Twitter,@iandrade,Atendente super educado e resolveu tudo! Parab√©ns TechNova,79
2025-12-03 19:43:57.955283,Instagram,@mmendonca,"Adorei o atendimento da TechNova, muito profissionais!",42
2025-12-03 15:50:57.955283,Instagram,@castroandre,Bateria descarrega do nada! TechNova precisa resolver isso Culpa cupiditate.,314
2025-12-03 15:37:57.955283,Instagram,@vitorcastro,Meu TechNova parou de funcionar depois de 1 ano üò¢,49
2025-12-03 11:36:57.955283,Instagram,@julianamontenegro,TechNova oferece cashback?,29
2025-12-03 08:06:57.955283,Twitter,@anna-lizramos,Bateria viciada em menos de 3 meses. TechNova explica?,13
2025-12-03 07:54:57.955283,Instagram,@thiago51,TechNova est√° caro ou √© pre√ßo justo pelo que oferece?,60
2025-12-03 07:27:57.955283,Facebook,@fariassophie,"N√£o comprem TechNova se precisam de bateria boa, frustrante",333
2025-12-03 04:55:57.955283,Facebook,@vrios,Propaganda enganosa! Bateria TechNova n√£o dura o prometido Qui ex.,19
2025-12-03 03:59:57.955283,Twitter,@dommacedo,A bateria do produto TechNova est√° durando muito pouco üò°,13
2025-12-03 03:46:57.955283,Instagram,@riosana-clara,Suporte TechNova salvou meu dia! Muito obrigado! ‚ù§Ô∏è Nostrum voluptates.,118
